managementFees,sink_status,aircondition_status,shoebox_status,washingMachine_status,refrigerator_status,closet_status,gasStoves_status,bed_status,cafe_status,detail_info,convenienceStore_status,laundry_status,supermarket_status,busStation_status,subway_status,realEstateAgency_status
False,False,False,False,False,False,False,False,False,False,False,False,15000,True,True,True,"2층 방2 주방 욕실 
베란다 있습니다 
공실이며 언제든지 입주가능 합니다 
중랑천공원 전통시장 가까이 있습니다 
지하철은 군자역 중곡역 이용합니다 
전세13000만원 가능합니다 
보증금2천/55 ,3천/50 가능합니다 
반려동물은 불가입니다 "
False,False,False,False,False,False,False,False,False,False,False,False,True,True,True,"반지층 방2 주방 욕실 
도배 장판 교체했습니다 
창문하이샷시 교체했습니다 
문짝 문틀 교체했습니다 
바닥습기 없습니다 
중랑천공원 전통시장 가까이 있습니다 
지하철은 군자역 중곡역 이용합니다 
반려동물은 불가입니다 "
False,False,False,False,False,False,False,False,False,False,False,False,50000,True,True,True,"2017년식 1층 분리형 원룸 풀옵션

전용 약12평 아주 공간 넓습니다.
입주 날짜는 1달이상 협의입니다
주차시 5만원 있습니다
근린생활시설을 주거용으로 사용합니다.
전세대출은 불가입니다.

전통시장 가까이 있습니다 
지하철은 군자역 이용합니다 "
False,False,False,False,False,False,False,False,False,False,False,False,True,True,True,"1층 방3 거실 욕실 
2년전에 올수리 했습니다 
공실이며 언제든지 입주가능 합니다 
도배 교체 해주십니다 
욕실수리 해주십니다 
중랑천공원 전통시장 가까이 있습니다 
지하철은 군자역 이용합니다 "
False,False,False,False,False,False,False,False,False,False,False,False,True,True,True,"옥탑 분리형 원룸 
세탁기 에어컨  옵션입니다 
상태깨끗 합니다 
주방 변기 분리 커텐 있습니다 
중랑천공원 재래시장 가까이 있습니다 
옥상 사용가능합니다 
지하철은 군자역 이용합니다 "
False,False,False,False,False,False,False,False,False,False,False,False,True,True,True,"1.5층 방2 주방 욕실 
상태깨끗 합니다 
입주일은 협의이며 빨리도 가능합니다 
안방크며 주방공간 좋습니다 
전통시장 중랑천공원 가까이 있습니다 
지하철은 군자역 이용합니다 
전세15500만원 가능합니다 
LH,SH 가능합니다 "
False,False,False,False,False,False,False,False,False,False,False,False,40000,True,True,True,"분리형 풀옵션 원룸 입니다 
군자역 이용하기 편리하며
6월19일 이후 가능합니다
주차는 불가입니다.
사진은  같은 라인 호실로 구조와
시설물 동일합니다."
False,False,False,False,False,False,False,False,False,False,False,False,10000,True,True,True,"4층 전용30평 방3 큰거실 욕실2
주차가능 합니다 
도배 장판 교체했습니다 
공실이며 언제든지 입주가능 합니다 
가격대비 공간 아주좋아요 
중랑천공원 재래시장 가까이 있습니다 
지하철은 중곡역 이용합니다 
보증금 1억5천에 100 만원도 가능합니다"
False,False,False,False,False,False,False,False,False,False,False,False,15000,True,True,True,"주차 가능한 다가구주택 2룸
현재 공실 즉시입주
화장실 싱크대 고급자재 사용 등
집주인분께서 신경써서 리모델링한
새집입니다."
False,False,False,False,False,False,False,False,False,False,False,False,50000,True,True,True,True,True,"😍 좋은점 😍
→ 주차 가능 (위치협의)
→ 전체벽지 새롭게 진행예정
→ 보증금 조절 가능 (5천만원~1.5억원)

😢 아쉬운점 😢
→ 대출 불가능 (근생)
→ 반려동물 불가능 (거절)

👍 (*최근에 직접 촬영한 사진입니다.) 현재세입자가 거주중이며, 오랜기간 거주하셔서 벽지를 새롭게 진행해야하는 상태입니다. 입주일은 계약후 45일에서 60일정도 시간을 주고 들어오시면 됩니다.

✅🚃 교통편
→ 지하철 : 5,7호선 군자역 390m, 도보 6분
→ 버스 : 메리놀외방선교회 110m, 도보 2분
(카카오맵&Daum지도 기준)

✅🏢 구조 및 주요사이즈
→ 투룸
→ 방(2),화장실(1),거실,주방,발코니

✅📌 매물정보 및 특이사항
→ 보증금 : 5,000만원 ~ 1억 5,000만원
→ 월세 : 80만원 ~ 30만원
→ 옵션 : 도어락,가스레인지,싱크대,신발장"
False,False,False,False,False,False,False,False,False,False,False,False,70000,True,True,True,True,True,"* 군자역 .중곡역 10분거리
* 조용한 환경
* 테라스 뷰가 예뻐요
* 널직한 구조
* 재래시장 . 은행. 마트 10분이내 위치
* 대원중고교.학원 인접권"
False,False,False,False,False,False,False,False,False,False,False,False,50000,True,True,True,True,True,"광진구 중곡동 대성예가

광진구 중곡동 위치좋고 공간 넓은 쓰리룸 빌라

실사용면적 약27평

방3+거실+주방+화장실2+ 세탁실

옵션 : 방, 거실 천정에어컨 4대/거실 공조기

대출가능

보증보험 가입 가능

주차공간이 넓어 주차편리

현재 공실로 바로 입주 가능합니다

*방문전 사전문의 필수입니다"
False,False,False,False,False,False,False,False,False,False,False,False,20000,True,True,True,"5.7호선 군자역 도보로 이용합니다.(10분 거리)
방2개 화장실 1개 있습니다.
수리후 입주 가능합니다.
주차 가능합니다.
보증금 조정 가능합니다. 
전세 2억 가능합니다. "
False,False,False,False,False,False,False,False,False,False,False,False,True,True,True,"🔵매물정보



﻿▶사용승인일: 1993

▶계약기간: 2년이상(단기계약 및 1년계약불가)

﻿▶보증금: 7,000

﻿▶월세: 20

﻿▶관리비: X

﻿▶구조: 거실 겸 주방 / 방2 / 화장실 / 다용도실

▶층수 / 전체층수: 1 / 2

﻿▶면적: 약 12~13평

﻿▶중개대상물종류: 주택

﻿▶주차: 불가 *골목주차

﻿▶승강기: X

﻿▶현관보안: 대문 열쇠 

﻿▶반려동물: X

﻿▶옵션: 싱크대

﻿▶입주가능일: 세입자와 상의

🔵 다른 궁금하신 사항 있으시면 문의 주세요"
False,False,False,False,False,False,False,False,False,False,False,False,True,True,True,"1.공간 넖은 분리형원룸 
2.대출가능,주차 불가능 
3.보증금4000/716,000원(관리비포함)~조절 가능 
4.입주협의가능"
False,False,False,False,False,False,False,False,False,False,False,False,50000,True,True,True,True,True,True,"*시장과 마트 은행 7분 거리
*지하철 8분 거리
*초등학교 5분
*어린이대공원 10분"
False,False,False,False,False,False,False,False,False,False,False,False,70000,True,True,True,True,True,True,True,"공동중개 X


★ 적합한 매물을 내 집처럼 찾아드려요!★


▣ 100% 실매물, 실사진만 공개
▣ 안심중개 책임중개 정직중개 친절중개
▣ 올리모델링, 신축빌라,상가,아파트 전문 부동산
▣ 서울, 경기 전지역 신축매물 최다보유
▣ 필요한 대출조건을 맞춰서 안내해드리겠습니다.
▣ 등기 및 건축물대장을 확인하여 권리분석을 철저히 확인합니다.
▣ 365일 24시간 언제든 문의 가능합니다.

★위치/가격/조건 별로 말씀해 주셔도 소개시켜 드리겠습니다.★"
False,False,False,False,False,False,False,False,False,False,False,False
False,False,False,False,False,False,False,False,False,False,False,False,50000,True,True,True,True,True,True,True,True,True,"입주는 7/1일 이후 협의
주차한대 가능
애완동물 불가능
공간 채광아주좋아요
옵션:에어컨.세탁기.냉장고.가스렌지
거실공간 아주좋음
사진은 예전 세입자 거주시 사진임"
False,False,False,False,False,False,False,False,False,False,False,False,50000,True,True,True,True,True,True,True,True,"** 민간 주택임대사업자 등록된 풀옵션 원룸~
** 주차가능, 
** 관리비 및 주차비 5만원 별도
** 입주일 협의가능
** 집 전체 대출 없어요~^^"
False,False,False,False,False,False,False,False,False,False,False,False,70000,True,True,True,True,True,True,"→ 실사용 면적 : 43.6㎡(13.19평)

😍 좋은점 😍
→ 대출 가능 (상품협의 가능)
→ 주차 가능 (위치협의/+3만원)
→ 옵션 (에어컨,가스레인지,신발장)

😢 단점 😢
→ 보증금 조절 불가 (임대사업자)

👍 (*최근에 직접 촬영한 사진입니다.) 8월중순경 입주가 가능한 투룸입니다. 보증금 1억은 전월세대출을 이용하실 수 있는 임대사업자 소유의 다세대주택입니다. 

✅🚃 교통편
→ 지하철 : 5,7호선 군자역 750m, 도보 12분
(카카오맵&Daum지도 기준)

✅🏢 구조 및 주요사이즈
→ 투룸
→ 방(2),화장실(1),거실,주방,발코니

✅📌 매물정보 및 특이사항
→ 옵션 : 도어락,에어컨,가스레인지,싱크대,신발장"
False,False,False,False,False,False,False,False,False,False,False,False,10000,True,True,True,True,True,"* 날짜는 조정가능합니다.
* 게제된 사진은 1층 수리된 방이며 똑같이 수리하여 임대할 것임.
* 주차가능하며 전철역은 도보 5분입니다.
* 보증금조정과 반려동물은 사양합니다."
False,False,False,False,False,False,False,False,False,False,False,False,30000,True,True,True,"2002년식 다세대 건물
2층 (2.5층)
등기평수 약25.3평
(서비스면적 포함하면 실사용면적 더 넓어요)
방3+화2+거실+주방+베란다3
안방 크고 넓습니다
채광 좋습니다
주차가능
대출가능
아차산역 도보 6~7분거리

입주일 6월 20일 이후 협의

*현재 세입자 거주 중으로 사전 문의 부탁드립니다"
False,False,False,False,False,False,False,False,False,False,False,False,50000,True,True,True,True,True,"Check Point 
- 위치 : 5,7호선 군자역 도보7분 거리
- 구조 : 방(2),화장실(1)
- 주변환경 :  중랑천길 산책로 및 자전거전용도로 도보 10분
                    중곡제일골목시장 도보 5분 
                   군자역 주변에 다양한 맛집과 메가박스, 어린이대공원이 있어 편리한 생활환경       
 - 전세자금대출 불가능
 - 반려동물 불가능

상세정보
군자역도보7분. 도로변에 접한 2층 투룸입니다. 방사이즈 각각 3.3m*3.1m, 3m*2m정도로
신혼부부, 형제자매등 이용하시기에 좋은 구조 사이즈입니다.
도배교체해주시며, 날자는 협의 가능합니다.(계약 후 1달 보름정도)
평일 방문은 오후5시 이후 가능합니다.
1억5천/30도 가능합니다."
False,False,False,False,False,False,False,False,False,False,False,False,50000,True,True,True,True,True,True,"5.7호선 군자역 도보로 이용합니다.
역에서 거리가 가깝고 생활 편의 시설도 잘 갖추어져 살기 좋습니다.
 분리형 원룸입니다. 공간이 좋습니다.
주차는 불가합니다.
냉장고, 에어컨, 세탁기, 인덕션 옵션 있습니다.
즉시 입주 가능합니다.
여성만 가능합니다. 
임차료 선불입니다."
False,False,False,False,False,False,False,False,False,False,False,False,True,True,True,True,"* 반지층이지만 깊지않고 채광됩니다.
* 소형차주차 가능합니다.
* 전철역은 도보 5분입니다."
False,False,False,False,False,False,False,False,False,False,False,False,70000,True,True,True,True,True,True,True,True,"* 즉시입주 가능합니다.
* 보증금대출과 반려동물은 안됩니다.
* 전철역은 도보 6분 소요됩니다."
False,False,False,False,False,False,False,False,False,False,False,False,50000,True,True,True,True,"거실공간있는 다세대 주택 2룸입니다
거실+주방+세탁실+방2 구조
가까운 전철역 5 7호선
군자역과의 거리 카카오맵 기준
도보 약 7분입니다
입주일은 아직 정해지지않았고
협의사항입니다. 문의주세요
대출 및 주차가능해요"
False,False,False,False,False,False,False,False,False,False,False,False,50000,True,True,True,".7호선 군자역 도보로 이용합니다.
방2개, 화장실 1개 있습니다.
주차 가능합니다.(주차비 10만원)
입주는 7월 30일 협의합니다.
관리비 5만원입니다. 정화조 별도입니다."
False,False,False,False,False,False,False,False,False,False,False,False,20000,True,True,True,True,True,True,"입주는 6월 중순이후 협의
거실공간 넓고 
방사이즈 큽니다
채광 공간 아주좋음
베란다 있음
주차x
애완동물x
7호선 중곡역 초 역세권"
False,False,False,False,False,False,False,False,False,False,False,False,10000,True,True,True,True,True,True,True,True,True,"※창고나 사무실도 가능합니다



◈ 확인 사항 ◈

▷대출 X
▷반려 동물 X


◈ 대중교통 정보 ◈

▷중곡역 도보 약 4분 거리의 
  생활,교통 편리한 주택가 오픈형 원룸 입니다

▷7호선 중곡역 340m 도보 약 4분
   버스 정류장 160m 도보 약 2분


◈ 구성과 구조적 특징 ◈

▷오픈형 원룸, 화장실1개 구성입니다
   
▷방1 현장 실측 5.27m x 3.78m (북향)     


◈ 도로 교통 및 학군 정보◈

▷강남 방향으로는 동일로 진입 후
   영동대교 까지 약 4km (차량 이용 약 12분)
   강동 방향으로는 천호대로 진입 후
   천호대교 까지 약 5km (차량 이용 약 13분) 입니다

▷약 500m 거리에 중마초, 중광초,
   약 1km 거리에 대원 외고, 대원고, 대원 여고, 용곡 초중학교가 있습니다 


◈ 반경 내 관공서 및 주요 시설 정보 ◈

▷200m 거리 (도보 약 2분)
-버스 정류장, 주민센터, 구립 어린이집, 어린이 공원,

▷200~400m 거리 (도보 약 5분)
-중곡역, 재래 시장, 주민센터, 중랑천 공원, 마을 공원, 파출소, 
 문화 체육센터(수영장 포함), 광진구 육아 종합 지원센터, 도서관

▷400~700m 거리 (도보 약 10분)
-군자역, 공영 주차장, 우체국, 종합 의료 복합 단지



♥다른 궁금한 사항 있으시면 언제든 편하게 문의 주세요♥

♥차량 픽업 원하시면 말씀해 주세요♥
  (군자역 1번 출구, 중곡역 2,3번 출구)"
False,False,False,False,False,False,False,False,False,False,False,False,100000,True,True,True,True,True,True,True,"7호선 중곡역 7~8분 거리, 조용한 주택가 위치.

신축급 빌라식 건물로 공간 넓은 분리형 구조의 원룸입니다.

냉장고,세탁기,에어컨, 인덕션은 옵션 제공됩니다.

첫입주 하신 분이 계속해서 거주중입니다.

내부 상태 깔끔하고 깨끗합니다.

방문 전 미리 연락 주세요.


** 현재 거주중인 원룸으로 이사날짜는 협의하되, 들어오시는 분께 맞춰 주시기로 하셨습니다.

(5~6월 자유롭게 가능하며, 7월 중순이전에는 가능합니다)

** 대출 불가능 합니다.

** 1억/25, 1억1천/20, 1억2천/15, 1억3천/10 가능합니다."
False,False,False,False,False,False,False,False,False,False,False,False,True,True,True,True,True,True,True,True,"ㅡ방두개가 모두 크고. 주방공간도 좋고 베란다있는 풀옵션  투룸입니다.

ㅡ구의역 도보 4분거리며. 강변역과동서울터미널도. 도보가능하며. 6미터 도로라 밤늦은 퇴근도  안전하고  인근에. 어린이대공원 과 아차산도. 있어. 주말운동하기도 좋습니다.
ㅡ2년 전에. 올리모델링 한집이라. 내부 깨끗합니다,

ㅡ더 궁금하신. 부분은. 전화문의 주시면. 친절하게. 상담해드리겠습니다."
False,False,False,False,False,False,False,False,False,False,False,False,True,True,True,True,True,True,True,True,"ㅡ깨끗하게. 도배장판등 부분수리. 완료해서. 바로 입주가능한. 풀옵션 분리형원 룸 입니다.

ㅡ구의역 도보  10여분 거리며. 강변역과. 동서울터미널도 도보 가능합니다

ㅡ주변환경 조용한. 주거지역으로. 인근에. 어린이대공원과 아차산도 있어. 주말운동 하기도. 좋습니다.
ㅡ더 궁금하신 부분은. 전화문의 주시면. 친절한 상담 해드리겠습니다."
False,False,False,False,False,False,False,False,False,False,False,False,True,True,True,True,True,True,True,True,"ㅡ바로. 입주가능하고 올수리해서. 깨끗합니다.
ㅡ옵션은.  필요할시. 풀옵션으로 해주기로 했으며. 뽀송뽀송하고 채광이  지상같은 집이네요.
ㅡ넓은 도로라  밤늦은 퇴근도 안전하고 
인근에. 어린이대공원과 아차산도 있어서. 주말운동 하기도 좋고. 구의역 도보 8분거리며 강변역과 동서울터미널도 도보. 가능합니다.
ㅡ더 궁금하신 부분은 전화문의 주시면. 친절하게. 상담해드리겠습니다."
False,False,False,False,False,False,False,False,False,False,False,False
False,False,False,False,False,False,False,False,False,False,False,False,40000,True,True,True,True,True,True,"- 구의역3분, 각종 편의시설 가까운 주택가
- 큰방1, 작은방2, 거실, 주방, 욕실1, 다용도실
- 옥상개별창고 있음
- 대 출 가 능
- 임대사업자주택  보증보험가입
- 주 차 편 리
- 채광좋고 구조좋음
- 애완동물가능
- 옵션 : 천정형 에어컨, 가스렌지 

★찾아주신 모든 분께 좋은 집을 찾아드리고자 최선을 다하는 롯데 부동산입니다
★궁금하신 점은 언제든지 편하게 문의주세요~ 성실히 답변해드리겠습니다~~^^
★카톡문의도 가능합니다! (ID - winyoon)"
False,False,False,False,False,False,False,False,False,False,False,False,70000,True,True,True,True,True,True,True,"-2호선 구의역까지 도보로 약 3분 거리 위치합니다.-편의점까지 도보로 약 1분, 마트까지 도보로 약 3분 거리 위치합니다.
-병의원, 관공서, 구의동 먹자골목, 자양 시장 등 생활 편의시설 인프라 구축되어 있습니다.
-창문이 많고 밝으며 공간이 넓은 분리형 원룸 원 거실입니다.
-E/V 있는 신축3년차입니다.-다용실도 넓어 활용도 높습니다.
-전세 2억5천가능 합니다. 반전세로 보증금으로 월세 전환 가능합니다."
False,False,False,False,False,False,False,False,False,False,False,False,50000,True,True,True,True,True,True,True,"** 구의역 도보 8분거리에 위치한 원룸입니다. 

** 주방과 분리된 구조에 채광도 나쁘지 않습니다. 

** 대출가능하고 애완동물은 불가입니다.

** 엘에이치는 불가합니다."
False,False,False,False,False,False,False,False,False,False,False,False,30000,True,True,True,True,True,True,True,"▣ 위치 
- 구의역 6분거리 

▣ 매물정보 
- 보증금 : 2천만원
- 월세 : 60만원

▣ 특징 
- 구의동 깔끔한 분리형 원룸 입니다.
- 구의역 도보 6분거리 입니다.
-  편의시설이 많아 생활이 편리합니다. 
   주거환경 GOOD~! 
- 보증금 / 월세 협의 및 조정이 가능합니다.
   편하게 문의주세요.


 Q. 손님들이 많이 하시는 질문 A

Q. 해당 매물 가격 
A. 보증금/월세 조정가능여부 최대한 원하시는 대로 
  맞춰보도록 하겠습니다!

Q. 사진이랑 같은 방인가요? 
 A. 입주하기전 비어 있을때 사진입니다.


Q. 집 주변 교통편은 좋을까요? 
A. 직접 도보로 확인 후 말씀드립니다. 

Q. 치안은 안전할까요? 
A. 너무 외진 곳은 소개해 드리지 않습니다. 


**부가설명** 

Q. 위치가 어딘가요? 
A. 구의역 도보 6분 거리 역세권으로 
    출, 퇴근 시 편리한 이동이 가능하며 
    주변에 편의시설도 있어서 
    생활하시기에 편리 합니다. 

Q. 해당 방의 구조 
A. 깔끔한 공간좋은 분리형 원룸 구조 입니다. 



담당자 한마디 

# 허위매물없는 정직한 중개와 성실한 중개를 약속 드립니다. 
# 집보러 갈땐 신속하고 안전하게 모시겠습니다. 
# 100% 직접 촬영한 사진만을 사용합니다. 
# 중개사고 방지를 위해 1억 공제증서 제공합니다. 
# 가족의 집을 구한다는 마인드로 최선을 다하겠습니다. 
# 원하시는 집을 구하실때까지 끝까지 책임지겠습니다."
False,False,False,False,False,False,False,False,False,False,False,False,20000,True,True,True,True,True,True,True,True,광진구 구의동 구의역 도보 3분거리 분리형 풀옵션원룸 저렴한 월세 언제든지 입주가능 합니다 올수리 리모델링하여 2년 지난것 현재공실 언제든지 입주 가능합니다 
False,False,False,False,False,False,False,False,False,False,False,False,True,True,True,True,True,True,"* 역세권 올 리모델링 다세대 투룸으로 입주바로가능해요.
* 베란다 2, 남향으로 햇빛 가득하고 좋습니다.
* 보증금 2000/80, 대출가능,융자없습니다.
* 주차 불가.
* 주위 편의시설 아주 좋고 교통 최고입니다.
* 대공원 가까워 산책 및 운동하기 좋아요.

구의역 1번출구쪽에 있는 장원부동산입니다.
좋은 물건으로 성심껏 안내하겠습니다.
감사합니다^^~"
False,False,False,False,False,False,False,False,False,False,False,False,True,True,True,"◈ 다세대 반지층 투룸
◈ 보증금 1천만원/ 월세 45만원
◈ 도배,장판 교체
◈ 즉시입주 가능
◈ 주차공간 없습니다

◈ 언제든 편하게 연락주세요"
False,False,False,False,False,False,False,False,False,False,False,False,50000,True,True,True,True,"4층 단독사용 입니다
방3개.화장실1개 입니다
채광 좋습니다
거실 넓습니다
주차무료 입니다
언제든 볼 수 있습니다"
False,False,False,False,False,False,False,False,False,False,False,False,60000,True,True,True,"-거실이 크고 집이 환합니다
-구의역 10분 거리이고 버스정류장도 가까워 교통이 좋습니다

◆ 안녕하세요~ 대광공인중개사사무소입니다 ◆
    저희를 찾아주시는 한 분 한 분께 진심을 다하겠습니다
    원하시는 최적의 물건을 찾으실 때까지 최선을 다하겠습니다
    문의 전화나 상담은 언제든지 환영합니다"
False,False,False,False,False,False,False,False,False,False,False,False,50000,True,True,True,True,True,True," # 특징

✨ 보증금 : 210만원(월세 및 관리비 3개월 선불금액)
✨ 월세 : 65만원 
✨ 관리비 : 5만원

➰  구의역 1분이내 초역세권입니다.
➰  내부관리잘된 풀옵션오픈형원룸
➰  6월중순 입주협의
➰ 주차불가 
➰ 애완불가
➰ 관리비는 위 건물 관리규정에 따릅니다"
False,False,False,False,False,False,False,False,False,False,False,False,40000,True,True,True,"* 2룸, 1.7억/35가능,내부공간좋고깔끔, 전세대출,주차가능,거실부억분리,구의역강변역세권
* 보일러실에 세탁기이용가능, 전기/가스/수도 계량기 별도 있음.
* 입주 협의 가능"
False,False,False,False,False,False,False,False,False,False,False,False,True,True,True,True,True,True,"- 정남향 거실과 안방으로 밝고 밝습니다.
- 새롭게 올수리를 하고 새주인을 기다립니다.
- 운치있는 마당갖춘 단독주택입니다.
- 2층 전층을 사용하며,  2층 발코니가  전면적으로 길게 있습니다.
- 막힌 집보다 트이고 시원한 집을 원하신다면 선택해 주십시요
- 베란다도 있구요
- 관리비도 없는데, 주차도 가능합니다.
- 귀한 임대매물입니다."
False,False,False,False,False,False,False,False,False,False,False,False,20000,True,True,True,True,True,True,"올수리 완료한 거실 넓은 남향집입니다.
넓은 투룸과 작은방 하나 더 있습니다.
거실 넣고 베란다 아주 넓습니다.
바로 입주 가능합니다."
False,False,False,False,False,False,False,False,False,False,False,False,26000,True,True,True,"SK공인중개사사무소입니다.
1.5층의  교통 편한 원룸 소개드려요.

-해당 사진은 공실일 때 사진이고 현재 세입자 있습니다.
-관리비에 수도료 포함입니다.
-2호선 구의역과 강변역 중간으로 각 역까지 도보로 약 10분 거리 위치합니다.
-버스 정류장까지 도보로 약 2분 거리 위치합니다.
-편의점까지 도보로 약 1분, 마트(홈플러스익스프레스)까지 도보로 약 5분 거리 위치합니다.
-구의역 먹자골목, 강변역 동서울터미널, 각종 음식점 및 프렌차이즈카페, 패스트푸드점, 개인카페, 병의원, 개인운동시설 등 생활편의시설 인프라가 구축되어 있습니다."
False,False,False,False,False,False,False,False,False,False,False,False,True,True,True,"깔금하고 전용넓은 투룸입니다.
보증금 조정가능하고 날짜협의가능합니다."
False,False,False,False,False,False,False,False,False,False,False,False,50000,True,True,True,True,True,True,True,True,"즉시 입주가능한 원룸 원거실 풀옵션 월세입니다
애완동물은 불가함
TV까지 있고 비교적 깔끔하며 대로에 있어서 접근성도 좋음
보증금도 조절가능"
False,False,False,False,False,False,False,False,False,False,False,False,50000,True,True,True,True,True,"2020건축
방3화1거실 엘리베이트
주차가능 대출가능
빠른입주도가능합니다
신혼부부에게추천
드려요"
False,False,False,False,False,False,False,False,False,False,False,False,20000,True,True,True,True,True,True,"*  올 리모델링 풀옵션 분리형원룸으로 추천해요.
*  구의역세권으로 위치 좋고 내부 좋습니다.
*  방 크고 주방분리, 화장실 따로 있는 구조입니다.
*  주위 편의시설 좋고 어린이 대공원 가까워 산택하기 좋아요.
*  입주협의,  대로변 가까워 버스 용이합니다.

구의역 1번 출구쪽에 있는 장원부동산입니다.
좋은물건으로 성심껏 안내하겠습니다.
감사합니다^^~"
False,False,False,False,False,False,False,False,False,False,False,False,20000,True,True,True,True,"구의역 도보7분정도거리
투룸.주방공간도 좋습니다
도배.장판등 수리 조건입니다
주차는 어렵습니다"
False,False,False,False,False,False,False,False,False,False,False,False,80000,True,True,True,True,True,True,True,True,광진구 구의동 구의역 9분거리 신축급 현재세입자 있어요 공실때 사진입니다 2023년5월22일 이후 입주협의 가능한 풀옵션 원룸 
False,False,False,False,False,False,False,False,False,False,False,False,True,True,True," 지역특징 
 지하철 2호선 역세권(구의역)
 광진구청,롯데백화점,건국대학병원,혜민병원,이마트,자양골목재래시장 등 편의시설 도보 이용가능
 올림픽대로,강변북로,외곽순환도로,동부간선도로,중부고속도로 진입 편리
 잠실대교,영동대교를 통해 강남 진출용이
 어린이대공원, 건국대학교 일감호 등의 녹지환경
 자양초,건대부중.부고.대학교,동국대부여중.여고 교육환경"
False,False,False,False,False,False,False,False,False,False,False,False,50000,True,True,True,True,True,True,True,"-구의역 10분 신축 투룸입니다
-내부가 깔끔하고 즉시 입주 가능합니다

◆ 안녕하세요~ 대광공인중개사사무소입니다 ◆
    저희를 찾아주시는 한 분 한 분께 진심을 다하겠습니다
    원하시는 최적의 물건을 찾으실 때까지 최선을 다하겠습니다
    문의 전화나 상담은 언제든지 환영합니다"
False,False,False,False,False,False,False,False,False,False,False,False,15000,True,True,True,"▣ 위치 
- 구의역 7분 거리 

▣ 매물정보 
- 보증금 : 8천만원
- 월세 : 40만원

▣ 특징 
- 구의동 깔끔한 투룸 구조 입니다.
- 구의역 도보 7분 거리 입니다.
- 편의시설이 많아 생활이 편리합니다. 
  주거환경 GOOD~! 
- 보증금 / 월세 협의 및 조정이 가능합니다.
   편하게 문의주세요.


 Q. 손님들이 많이 하시는 질문 A

Q. 해당 매물 가격 
A. 보증금/월세 조정가능여부 최대한 원하시는 대로 
  맞춰보도록 하겠습니다!

Q. 사진이랑 같은 방인가요? 
A. 같은 방 입니다.

Q. 집 주변 교통편은 좋을까요? 
A. 직접 도보로 확인 후 말씀 드립니다. 

Q. 치안은 안전할까요? 
A. 너무 외진 곳은 소개해 드리지 않습니다. 


**부가설명** 

Q. 위치가 어딘가요? 
A. 구의역 도보 7분 거리 역세권으로 
    출, 퇴근 시 편리한 이동이 가능하며 
    주변에 편의시설도 있어서 
    생활하시기에 편리 합니다. 

Q. 해당 방의 구조 
A. 깔끔한 투룸 구조 이구요. 



담당자 한마디 

# 허위매물없는 정직한 중개와 성실한 중개를 약속 드립니다. 
# 집보러 갈땐 신속하고 안전하게 모시겠습니다. 
# 100% 직접 촬영한 사진만을 사용합니다. 
# 중개사고 방지를 위해 2억 공제증서 제공합니다. 
# 가족의 집을 구한다는 마인드로 최선을 다하겠습니다. 
# 원하시는 집을 구하실때까지 끝까지 책임지겠습니다."
False,False,False,False,False,False,False,False,False,False,False,False,100000,True,True,True,True,"✔ 다른 층, 다른 호실도 있습니다
✔ 분양, 전세도 가능합니다

✔ 옥상에 주민만 이용 가능한 인피니티풀이 있고 바베큐도 이용 가능합니다.
✔ 고급 주택단지에 위치하여 조용하고 안전한 지역입니다.
✔ 도보 1분 거리에 한강 산책로, 자전거길이 있습니다
✔ 워커힐 호텔 인근으로 전망 좋은 한강뷰입니다.

✔ 옵션 : 시스템에어컨, 인덕션, 비데, 공기순환기
✔ 럭셔리하고 패셔너블한 인테리어
✔ 채광과 환기가 우수합니다"
False,False,False,False,False,False,False,False,False,False,False,False
False,False,False,False,False,False,False,False,False,False,False,False,True,True,True,"광나루 역세권 마당있는 1층  단독주택, 
도배, 장판, 거실마루, 씽크대 하부장 교체 완료 
방3칸, 화1, 전용 약 20평
즉시 입주"
False,False,False,False,False,False,False,False,False,False,False,False,70000,True,True,True,True,True,True,True,"▶ 매물정보 ◀

✔ 지하철 : 광나루역 도보7분

✔ 입주시기 : 협의

✔ 옵션 : 풀옵션

✔ 주거인프라 구성 우수한 A급 지역으로 신혼부부 추천매물

✔ 인근지역 보안이 좋은 지역으로 다수의 CCTV 설비 되어있음

✔ CCTV자체보안 / 공동출입구 / 도어락 / 카드키 등등 보안우수

✔ 해당 사진은 신축시 촬영한 사진으로 현 상태와 다소 차이가 있을수있습니다.
━━━━━━━━━━━━━━━━━━━━━━━━
▶빌라,오피스텔,아파트 전문중개◀
━━━━━━━━━━━━━━━━━━━━━━━━
●고객에게 감동을 드리는 투유 부동산입니다●
 고객의 입장에서 협의사항 최대한 조율하여
 기분좋은 결과를 만들어내는 주택전문 부동산 입니다.
 궁금한점 및 문의사항은 언제든 연락주십시오.
━━━━━━━━━━━━━━━━━━━━━━━━
매물번호를 알려주시면 더욱 신속한 상담이 가능합니다.
부동산 중개인 문의,공동중개 요청은 정중히 사절합니다.
━━━━━━━━━━━━━━━━━━━━━━━━
▶전해드리는말◀

문의주시는 물건외에도 보안상 광고하지 못하는 A급
물건들이 너무 많이있습니QD다, 고객님의 안전한 입주
최선을 다해 도와드리겠습니다."
False,False,False,False,False,False,False,False,False,False,False,False,20000,True,True,True,True,"5호선 광나루역세권 
버스정류장도보 5분
3층 투룸 입니다
실내공간 넓고 깨끗합니다
입주는 7월중 현세입자와 협의 하세요
대형냉장고,식탁,침대 설치 가능 합니다
집앞 주차 가능하며 반려동물 가능 합니다
광장초,광장 중학교 근거리위치"
False,False,False,False,False,False,False,False,False,False,False,False,200000,True,True,True,True,True,True,True,True,"워커힐 호텔 앞 한강뷰가 아름다운 숙소입니다

화이트&우드의 깔끔한 인테리어, 풀옵션으로 몸만오셔도 편안하게 머무르실 수 있게 준비했습니다.

한강공원 진입 입구까지 도보 10초 입니다.


✔️영구조망 한강 10초 컷

✔️LG 50인치 TV (기가지니tv), 삼성 아가사랑 세탁기, 에어컨, 인덕션

✔️Q사이즈 침대, 베개, 매트리스, 이불, 6인석 와이드 테이블, 체어, 우드 블라인드

✔️커피포트, 냄비, 후라이팬, 컵, 식기, 디퓨저, 와인잔

✔️로헨 무선청소기, 블루투스 스피커, 전신거울

✔️입주는 비대면으로 진행되고 정원은 2인 입니다.

✔️실내흡연 금지

✔️반려견 금지

✔️체크인 pm 4:00 체크아웃 am 11:00

✔️전입신고 불가"
False,False,False,False,False,False,False,False,False,False,False,False,25000,True,True,True,True,True,True,True,"1. 매물의 특징

   -   화이트톤으로 내부가 깔끔하게 수리 된 풀옵션 투룸 월세 매물입니다. 

       바로 거주할 수 있을 정도의 상태로 즉시입주와 협의 모두 가능합니다. 

       반려동물 사육이 불가능하다는 점은 참고 바랍니다. 

       큰방과 작은방의 창문이 모두 동향을 향하고 있습니다. 건물 자체는 남향을 보고 있습니다. 

       큰방의 크기가 큽니다. 혼자 거주할 시에는 작은방을 드레스룸으로 사용이 가능합니다. 


2. 주변 입지 및 교통 현황

   -   건대입구역 2호선 1번 출구까지 도보로 약 7분 정도 소요가 됩니다. 인근 출구 마다 버스정류장도 인접해 있습니다. 

       화양 제일시장과 대형 할인마트인 GS마켓을 도보로 이용할 수 있습니다. 

       골목으로 들어가기는 하나 막다른 골목이 아닙니다. 출입구가 두개가 있는 골목의 내부에 위치해 있습니다. 

       24시간 편의점과 코인빨래방과 같은 편의시설 또한 아주 가까운 위치에 있습니다.

       주변으로 아주 다양한 음식점 상권이 형성 되어 있습니다. "
False,False,False,False,False,False,False,False,False,False,False,False,30000,True,True,True,True,True,True,True,"1. 매물의 특징

   -  내부 구조가 반듯하며 깔끔한 분리형 원룸 매물입니다. 
 
      남향으로 채광이 없지 않습니다. 창문 앞으로 가까이 막고 있는 벽이나 물건들이 없습니다. 
 
      습기가 적으며 옵션들이 대체적으로 최신이라 아주 좋습니다. 

      이중 현관 보안으로 되어 있어서 치안이 아주 좋습니다. CCTV 또한 운용 중입니다. 

      빠른 입주가 가능한 매물입니다. 반려동물 사육은 불가능합니다. 


2. 주변 입지 및 교통 현황

   -  건대입구역 2호선 1번 출구까지 도보로 약 4분이 소요가 되며 각각의 출구 인근에 버스정류장이 있습니다. 

      유동인구가 항시 있는 위치라 치안이 아주 좋습니다. 
 
      24시간 편의점과 코인빨래방이 아주 가까운 위치에 있습니다. 

      대형 할인마트인 GS마켓과 화양 제일시장을 통해 필요한 생필품을 구매할 수 있습니다. 

      건대 맛의 거리와의 입지도 아주 좋습니다만 그에 따른 소음의 영향은 아주 적습니다. "
False,False,False,False,False,False,False,False,False,False,False,False,30000,True,True,True,True,True,True,True,True,"⭐🏠 초역세 지상층 원룸 🏠⭐ 

✔ 위치정보 ✔
건대입구역 2,7호선 도보 5분 소요 (네이버 지도기준). 

✔ 방구조 및 특징 ✔ 
- 구조 : 1룸 / 1화장실 
- 옵션 : 에어컨, 세탁기, 냉장고, 인덕션, 옷장, 신발장, 전자도어락
- 입주가능일 : 6월 초 가능합니다.

✔ 이 방의 장점 ✔ 
- 지하철역까지 엄청 가까워요 ~ !
- 시장이 옆에 있어 편리합니다.
- 관리비에 수도 포함입니다.

📞 더 궁금한 사항 있으시면 언제든지 편하게 문의해주세요! 📞
 💛 항상 안전한 중개와 신뢰할 수 있는 참조은이 되겠습니다. 💛"
False,False,False,False,False,False,False,False,False,False,False,False,70000,True,True,True,True,True,True,True,True,"자체 허위매물보상제 5만원지불 : 사전 문의 꼭 해주세요 !!

-실평수 약 6평의 1.5층 오픈형

【보증금】 500만원/53만원~@@사진은 현 세입자 입주전 촬영입니다

- 건물 : 큰길가 이중보안 1.5층 /총2층
- 보안: 출입문, 현관 : 전자키, 방화문, 임대인 직접관리, 방범창, cctv
- 교통: 건대입구 6분, 어린이대공원 10분, 빨래방*편의점 1분

【건대원룸 특징】
- 가성비 넓은 오픈형 , 이중보안, 큰길가

【동일 금액】 대비 비교 :A: 우수 B: 평균 C: 미흡 ※※
★건물외관: A ★ 내부인테리어: A ★ 보안: A
★환기,채광: A ★방크기 : A
★ 교통 : 건대역기준: A 어린이대공원역기준: C


✔ 재계약율이 높은 모두공인중개사 사무소!! 다 이유가 있습니다.
- 동일장소 10여년 영업 노하우!! 젊은 여성중개사가 최고의 매물만 선별하여
맞춤형 중개와 엄마의 정성으로 ~ 고객님께 돌려드립니다!!

【카톡 친구】 modu4959"
False,False,False,False,False,False,False,False,False,False,False,False,50000,True,True,True,True,True,True,True,"⭐🏡 이 방의 특징 🏡⭐
✔ 3층 밝은집 / 신축급 컨디션 / 학생, 직장인에게 딱!
✔ 옵션 : 냉장고, 세탁기, 에어컨, 인덕션, 신발장
✔ 관리비 포함 항목 : 인터넷 / 수도, 전기, 가스 요금 별도
✔ 창 밖이 벽으로 막혀 있지 않아 해가 잘 드는 밝은방입니다.
✔ 1층 공동현관 도어락, CCTV가 설치된 안전한 집입니다.
✔ 큰길가에 위치한 건물로 좁은 골목을 지나가지 않아도 되어 여성분들도 안심하고 귀가할 수 있습니다.
✔ 싱크대, 화장실 포함 집 전체가 깨끗하게 관리되었습니다.
✔ 건물 내부, 외부가 청결하게 관리되고 있습니다.

🌞 보증금 조정 및 입주날짜 Check! 🌞
✔ 현재 임차인이 거주 중이며 입주는 6월18일부터 가능합니다.

🚀 교통 및 편의시설 🚀
✔ 🚇 2, 7호선 건대입구역 도보 10분 !!
✔ 대중교통 이용시 논현동, 삼성동, 역삼동 등 강남권 30분이내 !!
✔ 건국대, 세종대 학교+병원 도보 통학+출근 가능 !!
✔ 전통시장 화양제일시장, 대형마트 GS더프레시 인접 !!
✔ 편의점, 빨래방, 카페, 병원 등 각종 편의시설 인접 !! 

🚨 주차 및 반려동물 🚨
✔ 주차 불가
✔ 반려동물 불가


❤ 화양동에서 제일 친절하다고 소문난 우리부동산입니다 :D
💛 허위매물 ZERO ! 직접 무릎 꿇고 찍은 100% 실제 매물 사진만 등록합니다!
💚 자취가 처음이신가요? 10년 자취 경험 살려 내집 구하는 마음으로 성심성의껏 찾아드리겠습니다!
💙 카카오톡, 문자 상담 환영합니다!
🌈 카카오톡ID : smh1596 
🌈 전화, 문자 : 010-4964-1596"
False,False,False,False,False,False,False,False,False,False,False,False,150000,True,True,True,True,True,True,True,"신축 오피스텔급, 보증금 조정가능, 주차가능, 6월입주

⭐🏡 이 방의 특징 🏡⭐
✔ 7층 밝은방 / 보안+컨디션 완벽 / 신축급 풀옵션
✔ 옵션 : 냉장고, 세탁기, 에어컨, 인덕션, 옷장, 책상, 신발장
✔ 관리비 포함 항목 : 인터넷, 수도 요금/ 전기, 가스 요금 별도
✔ 1층 공동현관 도어락, CCTV, 엘리베이터, 주차장이 있는 신축 건물입니다.
✔ 창 밖이 벽으로 막혀 있지 않아 해가 잘 드는 밝은방입니다.
✔ 1인가구에게 필요한 생활가전, 가구 빌트인이 잘 갖춰져 있습니다.
✔ 학생보다 부모님이 더 좋아하는 집입니다. ⭐보안+위치 완벽⭐

🌞 입주날짜 Check! 🌞
✔ 현재 임차인이 거주 중이며 입주는 6월15일 이후 가능합니다.

🚀 교통 및 편의시설 🚀
✔ 🚇 7호선 어린이대공원역 도보 6분 !!
✔ 대중교통 이용시 논현동, 삼성동, 역삼동 등 강남권 30분이내 !!
✔ 건국대, 세종대 학교+병원 도보 통학+출근 가능 !!

🚨 보증금 조정, 주차 및 반려동물 🚨
✔ 보증금, 월세 조정 가능 / 전세가능 / 대출불가
✔ 현재 주차 1대 가능 (단, 입주 시점에 따라 주차가 불가능할 수 있음. 주차비 별도)
✔ 반려동물 불가

❤ 화양동에서 제일 친절하다고 소문난 우리부동산입니다 :D
💛 허위매물 ZERO ! 직접 무릎 꿇고 찍은 100% 실제 매물 사진만 등록합니다!
💚 자취가 처음이신가요? 10년 자취 경험 살려 내집 구하는 마음으로 성심성의껏 찾아드리겠습니다!
💙 카카오톡, 문자 상담 환영합니다!
🌈 카카오톡ID : smh1596 
🌈 전화, 문자 : 010-4964-1596"
False,False,False,False,False,False,False,False,False,False,False,False,80000,True,True,True,True,True,True,True,"안녕하세요.

실매물로 보여 드리겠습니다.

소개드리는 매물은 신축 원룸으로

세종대 건국대 학생분들 및 성수동 7호선 

직장인분들까지 선호하는 원룸입니다.

2중보안에 CCTV 설치 및 E/V설치로

안전하고 깨끗하고 깔끔한 곳!!

언제든지 보실수 있습니다.

놓치지마세요~ "
False,False,False,False,False,False,False,False,False,False,False,False,50000,True,True,True,True,True,True,True,True,"▶ 신축 2중 보안 건물
▶ 화양동 건대입구역 도보 5분. 대로변 인접
▶ 주방 분리형 구조
▶ 실 면적 6평의 넓은 원룸
▶ 채광 좋고 보안 훌륭한 건물
▶ 1천/ 65 ~ 2천/60
▶ 전입신고 불가능

신축한지 오래지 않은 깔끔하고 넓은 원룸을 소개해드립니다.

화양동 건대입구역에서 도보로 5분 정도 소요됩니다.

7호선 출구쪽으로 매우 가깝고 특히 대로변이 가까워서 버스를 이용하기에도 좋습니다.

건국대학교 중문과 인접해있어서 통학하기에도 상당히 좋은 위치입니다.

조용하고 넓은 주택가 골목의 사거리에 위치한 건물이라 안전하고 주변도 쾌적합니다.

바로 앞에 대형마트와 재래시장이 있어서 편리하게 이용할 수 있고요~

주방 분리형의 구조로 현관문을 열면 주방부터 나오지 않고 방이 먼저 보이고 주방이 안쪽에 위치한 형태입니다.

방 사이즈는 2명이 거주해도 될 정도로 넓은 편이고 채광상태도 매우 좋습니다.

시공한지 얼마되지 않은 건물이라 내부시설도 최상급의 컨디션입니다.

전입신고가 불가능하니 참고 바랍니다."
False,False,False,False,False,False,False,False,False,False,False,False,30000,True,True,True,True,True,True,True,"화양동 건대입구역에서 도보로 8분 정도 소요되는 거리입니다.

건물 내,외관을 정부 새로 시공한 신축 같은 빌라식 건물이며 해당호실은 5층에 위치하고 있습니다.

방 크기는 작으나 심플하고 깔끔하게 지낼 수 있는 방입니다.

엘리베이터가 없는 점을 제외하고는 가격대비 만족도가 높은 방입니다."
False,False,False,False,False,False,False,False,False,False,False,False,60000,True,True,True,True,True,True,True,"교통정보 
지하철 2, 7호선 환승역 건대입구역 이용.
시내, 강남, 분당, 등 각 방면 사통팔달의 버스노선.
성수동 IT 산업개발 진흥지구 지식산업센터 SKV1 도보 출퇴근 거리


주변시설
건국대학교  세종대학교 한양대학교 등.
어린이 대공원  뚝섬유원지 도보거리.
롯데백화점 대형할인마트(E-마트) 도보거리.
골목 어귀마다 빨래방, 편의점 등 생활편의시설이 잘되어있음.


매물상황
건대입구역 도보 7-8분거리에 위치
건매 맛의 거리 알바하시는 분 강추
공간이 있어 두분 생활 가능
리모델링 신축같은 깔끔하고 예쁜원룸
반지층이라고 냄새나 습기를 생각하면 안됩니다
사진은 입주전에 찍은  실제사진입니다."
False,False,False,False,False,False,False,False,False,False,False,False,50000,True,True,True,True,True,True,"※ 자체 허위매물보상제 5만원지불 : 사전 문의 꼭 해주세요 !! ※

✔ 보증금: 500만원 /65만원 @@사진은 현 세입자 입주전 촬영입니다
실평수 약 6.5평 정도의 4층 오픈형/ 총5층

- 출입문 , 현관 : 전자키 , 6미터 도로변, 임대인 직접관리, CCTV

- 옵션 : 에어컨, 세탁기, 인덕션, 신발장, 냉장고, 전자도어락

- 도보 : 건대입구 6분, 어린이대공원 10분

- 층수 : 준공9년차 원룸 건물/ 4층 / 총5층 / 20세대

✔ 건대원룸 특징
- 이중보안, 전자키등 보안 확실

- 깔끔한 화이트톤 인테리어로 남.여 모두 취향저격!

- 2분거리에 편의점*빨래방, GS마트*재래시장 5분~

✔ 동일 금액대비 비교 :A: 우수 B: 평균 C: 미흡 ※※

★건물외관: A ★ 내부인테리어: A ★ 보안: A
★환기,채광: A ★방크기 : A ★ 교통 : 건대역기준: A 어린이대공원역기준: C

✔ 재계약율이 높은 모두공인중개사 사무소!! 다 이유가 있습니다.
✔ 동일장소 10여년 친절히 상담해드립니다.


【*카톡친구*】 modu4959
 "
False,False,False,False,False,False,False,False,False,False,False,False,100000,True,True,True,True,True,True,True,True,"안녕하세요 

오늘 소개해드릴 매물은 신축 원룸 원거실과 베란다가 있는곳 입니다 

건물 내부외부가 깔끔하며 사진보다 더 큰 원룸입니다 

크기도 크고 옵션도 많고 세종대 건대 

학생분들에게 아주 탁월한 공간입니다.

7호선 어린이대공원역 및 성수동 직장인분들!

위치적으로 아주 좋습니다

반려동물은 안되시고  금액조율은 가능하시니 

놓치지말고 선점하세요 "
False,False,False,False,False,False,False,False,False,False,False,False,30000,True,True,True,True,True,True,True,"⭐🏡 이 방의 특징 🏡⭐
✔ 4층 옥탑층 / 단독세대 / 7평 넓은방
✔ 옵션 : 냉장고, 세탁기, 에어컨, 인덕션, 옷장, 신발장
✔ 관리비 포함 항목 : 1인 수도요금 / 전기, 가스 요금 별도 
✔ 옥탑층 단독세대이나, 넓은 옥상은 없습니다. ㅠㅠ
✔ 성수사거리 직장인들에게 안성맞춤 위치 !
✔ 방 사이즈가 커서 짐이 많으신 분들에게 적합합니다.
✔ 가격대비 방 평수, 위치가 좋은 가성비가 좋은 매물입니다.

🌞 입주날짜 Check! 🌞
✔ 현재 임차인이 거주 중이며, 입주날짜는 6월 10일 이후 가능합니다.

🚀 교통 및 편의시설 🚀
✔ 성수사거리 도보5분, 성수낙낙, SK V1 도보 8분 ! 
✔ 대로변 버스정류장까지 도보 5분 !!
✔ 🚇 2, 7호선 건대입구역 도보 10분 !!
✔ 대중교통 이용시 논현동, 삼성동, 역삼동 등 강남권 30분이내 !!
✔ 건국대, 세종대 학교+병원 도보 통학+출근 가능 !!
✔ 전통시장 화양제일시장, 대형마트 GS더프레시 인접 !!
✔ 편의점, 빨래방, 카페, 병원 등 각종 편의시설 인접 !! 

🚨 주차 및 반려동물 🚨
✔ 주차 불가
✔ 반려동물 불가


❤ 화양동에서 제일 친절하다고 소문난 우리부동산입니다 :D
💛 허위매물 ZERO ! 직접 무릎 꿇고 찍은 100% 실제 매물 사진만 등록합니다!
💚 자취가 처음이신가요? 10년 자취 경험 살려 내집 구하는 마음으로 성심성의껏 찾아드리겠습니다!
💙 카카오톡, 문자 상담 환영합니다!
🌈 카카오톡ID : smh1596 
🌈 전화, 문자 : 010-4964-1596"
False,False,False,False,False,False,False,False,False,False,False,False,30000,True,True,True,True,True,True,True," ※ 자체 허위매물보상제 5만원지불 : 사전 문의 꼭 해주세요  !!  ※
    
실평수 약6평 정도 2.5층 오픈형 초역세권  ~건대원룸

  보증금: 500만/48만   ~ 1,000만원/ 40만원
   사진은 현 세입자 입주전 촬영입니다 

✔ 건대원룸 특징:  내부 올리모델링 3년차~~ 초역세권

 ✔  ~~주택가라 밤길 안정하고, 부근 CCTV밀집지역으로 방범,치안이 좋습니다 

✔  보안: 초역세권 ,  출입문: 방화문, 전자키  , 방화문, CCTV 밀집지역

동일금액 대비  비교     :A: 우수     B: 평균    C: 미흡 ※※

★ 건물외관:  A   ★ 내부인테리어: A   ★ 보안: A  
★ 환기,채광: A  ★방크기 : A      ★ 교통 : 건대역기준:  A A어린이대공원역기준: C

✔ 동일장소  10여년 영업 노하우~ 엄마의 정성으로 ~고객님께 돌려드립니다  !!!

★★★  카카오톡 : modu4959 ★★★"
False,False,False,False,False,False,False,False,False,False,False,False,40000,True,True,True,True,True,True,True,True,True,"자체 허위매물보상제 5만원지불 : 사전 문의 꼭 해주세요

-실평수 약 6.5평의 단독옥탑 오픈형

【보증금】 1000만원/50만원 ~ 사진은 현 세입자 입주전 촬영입니다

- 건물 : 큰길가 원룸건물 옥탑층 /총4층

- 보안: 출입문, 현관 : 전자키, 방화문, 임대인 직접관리, 인터폰,

- 교통: 건대입구 4분, 어린이대공원 12분, 빨래방*편의점 1분

【건대원룸 특징】

- 이중보안, 마당활용가능
- 채광, 환기: 굿
- 깔끔한 화이트및 그린톤 인테리어로 취향저격!

【동일 금액】 대비 비교 :A: 우수 B: 평균 C: 미흡 ※※
★건물외관: A ★ 내부인테리어: A ★ 보안: A
★환기,채광: A ★방크기 : A
★ 교통 : 건대역기준: A 어린이대공원역기준: C


- 재계약율이 높은 모두공인중개사 사무소!! 다 이유가 있습니다.
- 동일장소 10여년 영업 노하우!! 젊은 여성중개사가 최고의 매물만 선별하여
맞춤형 중개와 엄마의 정성으로 ~ 고객님께 돌려드립니다!!

【카톡 친구】 modu4959"
False,False,False,False,False,False,False,False,False,False,False,False,True,True,True,True,True,True,True,True,"✸ 가  격: 500/55
✸ 옵  션: 가스렌지,냉장고,세탁기,에어컨,신발장,도어락
✸ 층  수: 1.5층
✸ 위  치: 건대입구 2호선 1번출구에서 도보로 5분내외

▶ 베란다 있어요!!

   건대입구역 2호선 1번출구에서 도보로
   5분정도 거리에 위치한 매물입니다.

   내부 리모델링 깔끔하게 되어 있습니다.

   주방 공간이 분리되어 있는 구조이고
   사진으로 확인 가능하듯이 방 사이즈도 넓어서
   혼자 거주하기에는
   충분한 방 사이즈를 가지고 있습니다.

   별도의 베란다 공간도 있어서
   빨래 건조하거나 안쓰는 짐 수납하기에
   편리합니다.
   

   "
False,False,False,False,False,False,False,False,False,False,False,False,8,True,True,True,True,True,True,True,True,"※ 허위매물 보상제(사전문의 필수) 5만원 저희 부동산에서 실시합니다. ※
✔ 실평수 약 6.5평 정도 오픈형 6층 준공12년차 신축급원룸

✔ 보증금 1000/58만원 ~ 500만원/ 60만원

✔ 특징: 큰길가 위치, 보안완벽~ E/V, CCTV

✔ 동일 금액 대비 비교 :A: 우수 B: 평균 C: 미흡 ※※

★ 건물외관: A ★ 내부인테리어: A ★ 보안: A
★ 환기,채광:A ★방크기 : A

✔ 재계약율이 높은 모두공인중개사 사무소!! 다 이유가 있습니다. 
-  동일장소 10여년 영업 노하우!! 젊은 여성중개사가 최고의 매물만 선별하여    
   맞춤형 중개와 엄마의 정성으로 ~   고객님께 돌려드립니다!!


✔ 카톡 : modu4959"
False,False,False,False,False,False,False,False,False,False,False,False,50000,True,True,True,True,True,True,True,"내부 사이즈 아주 넓습니다

원룸원거실로 공간 충분합니다

겨울에 따뜻한 방입니다

컨디션 대비 저렴하며 훌륭한 방이구요

빨리 계약될 방이라 얼른보셔야 할 방입니다"
False,False,False,False,False,False,False,False,False,False,False,False,80000,True,True,True,True,True,True,True,True,"자체 허위매물보상제 5만원지불 : 사전 문의 꼭 해주세요 !!


✔ 보증금: 1,000만원/55만원 @@사진은 현 세입자 입주전 촬영입니다


●──[위치]──●
건대입구 인근으로 대중교통 이용하시기에
도보 8분안으로 해결이 되기 때문에
위치적으로 아주 훌륭합니다.

●──[옵션사항]──●
에어컨, 세탁기,냉장고, 인덕션, 옷장,
책장 등이 포함되어 있어
생활하기에 불편함이 없으실 거에요

●──[보안시설]──●
24시간 가동중인 CCTV 및 역세권에
위치해 있어 있어 보안에 문제가 없습니다.

●──[건대원룸 특징]──●
오피스텔급 관리 와 엘레베이터가 있어
간편한 이사와 깨끗한 주거환경 보장
받으실수 있습니다.

●──[주변상권]──●
10분이내 주변에 커먼그라운드, 편의점, 은행,
맛집들이 있어 쇼핑 과 식사가 자유롭답니다.

●──[보증금/월세]──●
1만원이라도 저렴하게~
고객입장에서 항상 생각하며 실천하고 있습니다.
100% 실매물, 실사진! 내집 구한다는 마음으로
최선을 다하겠습니다.

【*카톡친구*】 modu4959"
False,False,False,False,False,False,False,False,False,False,False,False,100000,True,True,True,True,True,True,True,True,"💝 최상층으로 앞에 막힘없는 복층 원룸입니다

💝 남향이라 채광이 좋으며 융자가 없어요

💝 계단도 완만하며 복층도 공간이 넓고 사용하기 편리하게 잘 나와 있어요

💝 자매나 남매, 친구등 같이 거주 하기에도 좋아요

💝 1층 편의점이 있어 편리합니다

👉 위치 : 7호선 어린이대공원역 도보 3분, 2호선 건대입구역 도보 5-6분

👉 위치 : 건국대 보도 5분, 세종대 6-7분

👉 관리비 :15만원 (공동전기, 계단청소비, 정화조, 인터넷케이블, 정수기필터)

👉 옵션 : 세탁기, 냉장고, 에어컨, 인덕션, 옷장, 신발장, 전자레인지, 책상, 정수기

👉 이중보안, CCTV, 엘리베이터가 있어 안전합니다.

👉 입주는 협의사항으로 6월중순이후 협의가능"
False,False,False,False,False,False,False,False,False,False,False,False,100000,True,True,True,True,True,True,True,True,"안녕하세요.

실매물로 보여 드리겠습니다. 

소개드리는 매물은 신축 빌트인 원룸 입니다.

입주는 6월14일이후 가능합니다.

언제든지 방보실수 있습니다.

깔끔하고 금액대 더 큰방 을 원하시면

꼭 보셔야할 매물입니다.

현재 신학기 철이라 방이 빨리 빠지는 중입니다.

하루라도 먼저 오셔서 선점 하세요

문의 많이주세요~"
False,False,False,False,False,False,False,False,False,False,False,False,100000,True,True,True,True,True,True,True,True,"💚 100% 실매물만 소개드려요^^💚
                     
♡ 오늘은 신축6년차 원룸을 소개 드릴께요~
♡ 아늑하고 따뜻한 원룸입니다^^
♡ 서남향으로 온종일 방이 환하고 밝네요..
♡ 2중보안,층별cc-tv, 안전한 원룸.

🌸 반려동물 : 안됩니다ㅠ
🌸 보증금 대출 : 안됩니다ㅠ
🌸 전입신고,확정일자 : 가능
🌸 계약기간 : 2년
...........................................................

✅ 임대료 : 보증금 5000/월세30만원,
✅ 관리비 : 월10만원 (인터넷,수도요금포함)
............................................................

♥ 교통편 :[지하철] 어린이대공원역 6분,건대입구 8분
 [버 스] 4212, 240, 2222, 6013(공항버스)
♥ 위치 : 건대중문 5분,세종대 10분, 조용한 주택가
♥ 옵션 : 에어컨,냉장고,인덕션,세탁기,붙박이옷장,책상,신발장,
♥ 구조 : 오픈형 원룸
♥ 편의시설 : 이마트,롯데백화점,스타시티몰,맛의거리"
False,False,False,False,False,False,False,False,False,False,False,False,50000,True,True,True," ◈ 지음 공인중개사사무소 이병성 대표 ◈

☎ 문의전화 ☎ 010-8753-5190 (공인중개사/이병성)
ㅡㅡㅡㅡㅡㅡㅡㅡㅡㅡㅡㅡㅡㅡㅡㅡㅡㅡㅡㅡㅡㅡㅡㅡㅡㅡㅡㅡ

♣ 매물 정보 ♣

→ 건대대로변 이면 교통좋은 원룸입니다.
→ 주택가에 위치하여 조용하며, 지상층 가성비 원룸입니다.
→ 각종편의시설이 가까이 있어, 생활도 편리합니다.
→ 옵션 多 (에어컨, 냉장고, 세탁기, 인덕션 등등)

▶ 현재 보시는 매물 외에도 다양한 매물 확보중입니다.
☎ 문의전화 ☎ 010-8753-5190 (공인중개사/이병성)
ㅡㅡㅡㅡㅡㅡㅡㅡㅡㅡㅡㅡㅡㅡㅡㅡㅡㅡㅡㅡㅡㅡㅡㅡㅡㅡㅡㅡ

※ 정직하고, 정확한 중개를 약속드립니다.

- 직접 현장확인한 매물들만 올리겠습니다.
- 원하시는 계약 성사될때까지,
고객님들의 두다리가 되어 열심히 뛰겠습니다.
- 부담없이 연락주세요! 친절하게 상담해 드립니다.


※ 현재 보시는 매물 외에도 다양한 매물 확보중입니다.※
☎ 문의전화 ☎ 02) 499-2020 (친절한 상담약속드립니다.)
☎ 문의전화 ☎ 02) 499-2020 (공인중개사 / 이병성)"
False,False,False,False,False,False,False,False,False,False,False,False,20000,True,True,True,True,True,True,True,True,"실평수 약 6.5평 정도의  방1+ 풀옵션

✔ 보증금 : 500만원/40만  

 ✔ 가성비 넓은 반지층 원룸 

✔  보안: 큰길가,  출입문, 현관: 이중보안, 방범창, 임대인 직접관리 

✔ 동일 금액 대비  비교      :A: 우수     B: 평균    C: 미흡 ※※

★건물외관: A   ★ 내부인테리어: A   ★ 보안: A 
★환기,채광: B  ★방크기 : A      ★ 교통 : 건대역기준: A  어린이대공원역기준: C

-동일장소 10여년 영업 노하우~ 엄마의 정성으로 ~고객님께 돌려드립니다  !!!

★★★  카카오톡 : modu4959 ★★★


 "
False,False,False,False,False,False,False,False,False,False,False,False,50000,True,True,True,True,True,True,True,True,"보증금 1000만 원
월세 55만 원
관리비 5만 원

※ 본 매물은 건대123부동산 전속 매물입니다.
타 부동산에서 계약이 불가능한 매물로,
무단 광고 및 허위 광고에 속지않게 주의 부탁드립니다.

건대입구역 도보 4분 거리
(본 부동산 2층 원룸 매물)
분리형 구조, 주방/화장실, 방 구분되어있음
신발장 크게 있음

방 크기 적당함,
침대, 책상, 옷장 들어갈만한 넓이"
False,False,False,False,False,False,False,False,False,False,False,False,80000,True,True,True,True,True,True,True,True,"안녕하세요.

실매물로 보여 드리겠습니다. 

소개드리는 매물은 신축 빌트인 원룸 입니다.

입주는 7월13일이후 협의 가능합니다.

내부 깔끔하고 공간이 크며 수납공간이 많아서

2인거주까지 충분한 싸이즈입니다.

침대빼고 다있는 구조입니다.

아늑하고 안전하고 밝은 원룸! 창문이 크고

답답하지않아서 여성분들에게 추천!

집주인분 직접 관리하는 곳이라 더욱 깨끗한곳!

보증금 조율은 불가능합니다.

학생 및 직장인분들 추천 매물이라 놓치지마세요~"
False,False,False,False,False,False,False,False,False,False,False,False,30000,True,True,True,True,True,True,"*큰 (약8p)원룸입니다
* 새롭게 도배청소는 해준답니다.
*세종대후문 도보2분거리"
False,False,False,False,False,False,False,False,False,False,False,False,30000,True,True,True,True,True,True,True,True,True,"*약9평크기의 원룸
*남향으로 베란다도 있슴
*세종대 후문 도보5분거리"
False,False,False,False,False,False,False,False,False,False,False,False,True,True,True,True,True,True,True,"*깔금한원룸

*넓은큰방 이라 좋아요

*주차가능"
False,False,False,False,False,False,False,False,False,False,False,False,60000,True,True,True,True,True,True,True,"*지정 주차장 사용
*강남북 출퇴근 용이한 위치
*태양광 설치로 전기료가 정말 저렴합니다.(월 최대2~3만원내외)
*초등학교,대학교 도보 3분거리
*대형슈퍼마켓이 있어서 생활편리
*애완동물1마리가능"
False,False,False,False,False,False,False,False,False,False,False,False,True,True,True,True,True,True,True,"*큰원룸과 주차도가능
*남향으로 따뜻합니다
*깨끗한 빌라형원룸"
False,False,False,False,False,False,False,False,False,False,False,False,100000,True,True,True,True,True,"추천★★★★★
군자역4분 거리, 주택가에 위치
군자역이 바로 앞이지만 주택가라 조용합니다.
컨디션 매우 좋아요
가격 착한 깔끔한 투룸~!!!
추천드려요~~"
False,False,False,False,False,False,False,False,False,False,False,False,10000,True,True,True,True,True,True,True,True,"세종대 후문

대공원 인근

5-7호선 군자역  도보 이용가능"
False,False,False,False,False,False,False,False,False,False,False,False,30000,True,True,True,True,True,True,True,"▣세종사이버대학교및 세종대학교기숙사가 인근에 있음
▣세종초등학교가 인근에 있음/남일어린이공원이 인근에 있음
▣군자역 도보 10분정도
▣넓은 원룸공간
▣벼란다가 있음
▣창문을 통한 전망이 보임/향이 남향 구조임
▣애완동물 안됨
▣주차시 주차비 5만원
▣건대역세권,성수동지식산업센타,강남 접근이 용이함
▣대학생및 직장인 2인거주 가능함
▣사존 기존임차인 거주중인 사진임(현재는 거주하지 않음)"
False,False,False,False,False,False,False,False,False,False,False,False,70000,True,True,True,True,True,True,"엘베있는 신축급 원룸
보증금 조절가능이구요 
붙박이장 있어요
공실때 사진입니다.
문의주세요."
False,False,False,False,False,False,False,False,False,False,False,False,70000,True,True,True,"*빌라식 다가구 주택 
*방2개 거실 다용도실.세탁실 
*주차가능
*대출가능 
*신혼부부 좋아요 
*내부 깨긋하고 가격저렴 
*은행융자없음  "
False,False,False,False,False,False,False,False,False,False,False,False,60000,True,True,True,True,True,True,True,True,"ㅁ 건대와 세종대가 도보 10분 이내의 거리에 있는 어린이대공원역 역세권의 신축급 원룸.
ㅁ 오피스텔보다 완벽한 빌트인 옵션이 갖추어진 대형 원룸.
ㅁ 시몬스침대 슈퍼 싱글과 TV, 500메가 광랜 인터넷, cctv 12대 설치 등 보안 완벽한 원룸 건물로 스프링쿨러, 가스예방 센서까지 설치되어 있어요.
ㅁ 도보 5분 이내의 거리에 대형마트, 빨래방, 버스정류장, 지하철역, 스포츠센터 등 편의 시설 완벽한 위치."
False,False,False,False,False,False,False,False,False,False,False,False,50000,True,True,True,"즉시 입주가능
관리비에 수도요금 인터넷요금. 포함입니다
햇빛들어오는 밝은 방 입니다."
False,False,False,False,False,False,False,False,False,False,False,False,True,True,True,True,True,True,"▣세종사이버대학교및세종대학교 기숙사가 인근에 있음
▣세종대학교및세종초등학교가 인근에 있음
▣7호선및5호선 더블역세권 군자역 도보 10분 정도 소요
▣방이 넓고 큰 원룸/기본옵션 있음/넓은 공간 찾으신분 선호도 높음
▣햋빛이 들어오는 향 구조임/작은 벼란다 있음(빨래 건조대)
▣실내내부 깨끗함/관리비는 월세 안에 포함됨
▣건대역세권및성수동 지삭산업센타 접근이 용이함
▣강남및 왕십리 접근이 용이함
▣주차1대가능(주차비 10만원)"
False,False,False,False,False,False,False,False,False,False,False,False,30000,True,True,True,True,True,True,True,방 사이즈 크고 베란다가 있는 원룸으로  앞에 도로를 접하고 있어 앞이 트여 답답하지 않으며 채광이 좋아요. 주변에 주민자치센터가 가까이에 신축으로 지어졌고 센터내에 도서관이 있어 편리하게 이용하실 수 있습니다. 조용한 주택가에 위치 하고 있으며 교통도 편리합니다. 전용 9평이라 가구를 놓고 쓰기에 좋습니다. 
False,False,False,False,False,False,False,False,False,False,False,False,True,True,True,True,True,True,True,True,즉시입주 군자역 5분 저렴한 풀옵션 반지층 원룸 
False,False,False,False,False,False,False,False,False,False,False,False,40000,True,True,True,True,"추천 ★★★★★
군자역3~4분 거리, 주택가에 위치한 깔끔한 쓰리룸~!!!
한번 리모델링하여서 컨디션 좋아요
주방 겸 거실, 방3개, 화장실1개에요
방이 모두 큼직큼직하답니다.
해당 층 전체를 사용하며 모든 면에 창이 나있어서 답답하지 않고 환하답니다.
전세로도 가능합니다. 
보즈금, 월세 조정 가능.
가격도 착하고 넓고 깔끔한 쓰리룸~!!!
정말 추천드려요~!!!

-군자역(5호선-7호선)도보 3~4분
-버스정류장 2~5분(심야버스,광역버스,공항버스 등 노선 다양)
-대공원10여분"
False,False,False,False,False,False,False,False,False,False,False,False,True,True,True,True,True,True,True,"▣세종대학교기숙사및세종사이버대학교가 인근에 있음
▣세종초등학교및 세종대학교가 인근에 있음
▣군자역 도보 10분 정도
▣방3개(큰방1개,작은방2개)/거실/욕실2개(큰거,작은것)
▣기본옵션있음/단독주택 1층
▣햋빛이 들어오는 향구조임/애완동물 안됨/주차불가
▣앞공간에 마당이 있음
▣직장인및 대학생 2인~3인 거주하기에 적합한 공간구조임
▣도배를 새롭게 하실 예정임
▣건대역세권및성수동 지식산업센타 접근이 용이함"
False,False,False,False,False,False,False,False,False,False,False,False,True,True,True,True,"💕 LH, SH, 중기청, 버팀목 등 전세자금 대출 가능한 투룸입니다

💕 즉시 입주 가능합니다

💕 빌라식으로 된 집으로 채광도 잘 들어오고 환기도 잘 됩니다

💕 조용하고 살기 편리합니다

💕 도배, 장판 새로하였어요

💕 마트 및 시장등이 있어 생활하기 좋아요

💕  2-3분 정도 거리에 버스정류장 있으며

💕 7호선 어린이대공원역 도보 6-7분 "
False,False,False,False,False,False,False,False,False,False,False,False,80000,True,True,True,True,"건축 5년된 고급자재로 마감하고  거실 안방이 정남향인 방 2개입니다
전체적으로 화이트톤으로 마감해서 밝고 좋습니다
어린이대공원역이 도보 7분이내 거리입니다"
False,False,False,False,False,False,False,False,False,False,False,False,80000,True,True,True,True,True,True,True,"- 에어컨,냉장고,세탁기,싱크대,인덕션,옷장,   
   신발장,전자레인지,TV 옵션입니다.
- 본 건물내 다양한 크기의 복층형원룸 및 
    투룸이 있습니다.
ㆍ보증금 조정 가능합니다.

ㆍ연락주시면 결정하는데 도움이될
    동영상을 보내드립니댜."
False,False,False,False,False,False,False,False,False,False,False,False,30000,True,True,True,"세종대후문
대공원인근
동일로 이면주택
미니 지층으로 깨끗하고 밝음"
False,False,False,False,False,False,False,False,False,False,False,False,50000,True,True,True,"능동대로변 지척인 거실 주방 분리된 방 2개 입니다
반지층이라도 거실 방이 전부 남향이라 훤하고 방이 큽니다
대공원역 도보 5분이내거리로  가깝습니다."
False,False,False,False,False,False,False,False,False,False,False,False,20000,True,True,True,True,True,True,True,True,"✅ 군자역 5분 거리에 풀옵션 투룸 매물이에요.

✅ 올수리되어있는 깨끗한 투룸 매물이에요.

✅ 주변시세  투룸보다 저렴하게 나온 풀옵션 투룸 매물이에요.

✅ 조용한 주택가에 위치하고 있어 주거환경이 좋아요.

💥 애완동물 불가 매물이에요."
False,False,False,False,False,False,False,False,False,False,False,False,50000,True,True,True,True,True,True,True,"군자역3~4분거리, 주택가에 위치
리모델링 한번 하였던 방으로 컨디션 매우 좋아요
방2개, 주방, 화장실로 이루어진 구조 입니다.
풀옵션이며 전세대출가능합니다.
풀전세로 가능하며 보증금,월세도 조정가능합니다.

-군자역(5호선-7호선)도보 3~4분
-버스정류장 3~5분(심야버스,광역버스,공항버스 등 노선 다양)
-대공원10분"
False,False,False,False,False,False,False,False,False,False,False,False,7,True,True,True,True,True,True,True,"❤❤ 신축, 3년차 초역세권의 대단지 넓은 투룸, 최강입지!

📸 사진은 세입자 있어 신축 때 사진임을 알려 드립니다

🔴 세대별 구분등기된 다세대로 보증보험 및 대출가능

🔵 HUG버팀목80% 및 안심대출90% ,신혼부부,카카오 

✅ 어린이대공원역(세종대) 4분 역세권입지

🚍 버스정류장 1분 거리

✅ 거실 + 방2 + 다용도실 + 화장실의 구조

✅ 시스템에어컨 + 냉장고 + 인덕션 + 아일랜드 식탁 등

✅ 어린이대공원역 역세권 다양한 편의시설 이용매우편리

🌈 어린이대공원(놀이시설, 동물원, 공원) 도보 8분 편리

✅ 관리비 입주 후 협의

🚘 주차 가능합니다

❤❤신축,3년차 역세권 쾌적한 입지의 넓은 투룸으로
         금방 나가는 물건이니, 서둘러 확인해보세요‼"
False,False,False,False,False,False,False,False,False,False,False,False,20000,True,True,True,True,True,True,True,"세종대학 인근
대공원 정문 인근
군자 역세권
풀옵션"
False,False,False,False,False,False,False,False,False,False,False,False,True,True,True,"저렴한 투룸으로 건축물 대장상 반지층이나 실제로는 바닥층으로 수리되어 있어서 깨끗합니다. 입구에 비 맞지 않도록 채양막을 해 놓아서 우천시 빗방울 튀지 않고,  방이 모두 밝고 특히 안방이 넓어요. 작은 방은 땅 모양 때문에 삼각형입니다. 군자역 도보 5분이내 거리로 대공원도 가깝고 생활하기 좋은 동네입니다. "
False,False,False,False,False,False,False,False,False,False,False,False,60000,True,True,True,"✅ 군자역세권,세종대바로앞 투룸이에요.

✅ 동일가격대의 투룸들보다 거실이 넓어서 좋아요.

✅ 방사이즈도 크고 세탁실로 사용가능한 베란다도 있어요.

✅ 주택가 넓은길가에 있는 매물로서 주변환경도 좋아요.

✅ 시세대비 저렴한 투룸이에요. 반지층이지만 깨끗하고 채광도 나쁘지 않아요.

✅ 옵션은 없어요. 살림가지고 다니시는분들께 추천드려요.

❌ 애완동물 불가,주차불가 매물이에요. "
False,False,False,False,False,False,False,False,False,False,False,False,True,True,True,True,True,True,True,True,"내부 수리되어 깔끔 합니다
방크기도 좋습니다
옵션있어  거주하기 편리합니다
군자역 이용 가능합니다
입주는6월9일이후 입주 가능합니다
주차  .반려동물은 불가합니다
현재 임차인거주로 사진은 공실일때 사진입니다
월세에 관리비 포함되었습니다
궁금하신건 문의 주세요"
